,C,Z,I,CR,NO,R,A,D,H,T,PR,BP,LS
500,0.15876,0.0,10.81,NON,0.413,5.961,17.5,5.2873,4.0,305.0,19.2,376.94,9.88
501,0.1712,0.0,8.56,NON,0.52,5.836,91.9,2.211,5.0,384.0,20.9,395.67,18.66
502,0.29916,20.0,6.96,NON,0.464,5.856,42.1,4.429,3.0,223.0,18.6,388.65,13.0
503,0.01501,80.0,2.01,NON,0.435,6.635,29.7,8.344,4.0,280.0,17.0,390.94,5.99
504,11.1604,0.0,18.1,NON,0.74,6.629,94.6,2.1247,24.0,666.0,20.2,109.85,23.27
505,0.22876,0.0,8.56,NON,0.52,6.405,85.4,2.7147,5.0,384.0,20.9,70.8,10.63
